,phrase,label,sentiment,subjectivity,language,count,gnd,geonames,geotype,latitude,longitude,continent,country,ipcc
Florida,Florida,GPE,-0.01809345,0.45221099,en,268.10000000,,0,,,,,,
Jamaica,Jamaica,GPE,-0.04183214,0.62825276,en,266.70000000,,0,,,,,,
Atlantic,Atlantic,LOC,0.07447066,0.48670840,en,236.50000000,,0,,,,,,
Philippines,Philippines,GPE,-0.03170176,0.44170086,en,184.50000000,,0,,,,,,
Caribbean,Caribbean,LOC,-0.03041992,0.62824774,en,165.90000000,,0,,,,,,
Hong Kong,Hong Kong,GPE,0.17113535,0.50116757,en,89.50000000,,0,,,,,,
Cuba,Cuba,GPE,0.00755103,0.46155210,en,71.80000000,,0,,,,,,
Vietnam,Vietnam,GPE,-0.06916896,0.37866753,en,62.90000000,,0,,,,,,
U.S.,U.S.,GPE,0.00654932,0.55733142,en,52.40000000,,0,,,,,,
China,China,GPE,0.08890599,0.36639299,en,52.20000000,,0,,,,,,
US,US,GPE,-0.01543680,0.44122087,en,50.30000000,,0,,,,,,
Taiwan,Taiwan,GPE,0.03721358,0.43236685,en,49.90000000,,0,,,,,,
the Gulf of Mexico,the Gulf of Mexico,LOC,-0.03861413,0.41246377,en,46.00000000,,0,,,,,,
Australia,Australia,GPE,0.00116523,0.48828656,en,44.80000000,,0,,,,,,
Mexico,Mexico,GPE,-0.00434704,0.50737344,en,37.00000000,,0,,,,,,
Fla.,Fla.,GPE,-0.03373634,0.48066077,en,31.80000000,,0,,,,,,
Texas,Texas,GPE,0.00944243,0.34506390,en,29.50000000,,0,,,,,,
the Atlantic Ocean,the Atlantic Ocean,LOC,0.02752482,0.53256450,en,27.40000000,,0,,,,,,
Haiti,Haiti,GPE,-0.11679654,0.59758148,en,26.50000000,,0,,,,,,
the United States,the United States,GPE,0.17713034,0.58815454,en,21.90000000,,0,,,,,,
Myanmar,Myanmar,GPE,-0.08405918,0.38190955,en,19.90000000,,0,,,,,,
Hurricane Milton,Hurricane Milton,GPE,-0.03463687,0.47188082,en,17.90000000,,0,,,,,,
Coral Springs,Coral Springs,GPE,-0.18669251,0.30975452,en,17.20000000,,0,,,,,,
India,India,GPE,-0.11834768,0.26039902,en,16.10000000,,0,,,,,,
Mayotte,Mayotte,GPE,-0.18398560,0.38049767,en,15.20000000,,0,,,,,,
Bahamas,Bahamas,GPE,-0.04531400,0.37069751,en,14.90000000,,0,,,,,,
Miami,Miami,GPE,-0.04712946,0.37156772,en,14.70000000,,0,,,,,,
Pacific,Pacific,LOC,0.01346850,0.44357996,en,13.70000000,,0,,,,,,
Gulf,Gulf,LOC,0.02420343,0.28081232,en,13.60000000,,0,,,,,,
Alaska,Alaska,GPE,0.06064413,1.12958678,en,13.20000000,,0,,,,,,
Puerto Rico,Puerto Rico,GPE,-0.17200682,0.72868497,en,12.90000000,,0,,,,,,
Laos,Laos,GPE,-0.09624791,0.30953233,en,12.70000000,,0,,,,,,
Asia,Asia,LOC,-0.08295587,0.51389857,en,12.30000000,,0,,,,,,
ORLANDO,ORLANDO,GPE,0.07076389,0.43268519,en,12.00000000,,0,,,,,,
North Carolina,North Carolina,GPE,-0.06716353,0.56954782,en,11.90000000,,0,,,,,,
East Coast,East Coast,LOC,0.02458184,0.72431238,en,11.50000000,,0,,,,,,
UK,UK,GPE,0.24535877,0.66498998,en,11.30000000,,0,,,,,,
South Florida,South Florida,GPE,-0.16363636,0.24242424,en,11.00000000,,0,,,,,,
California,California,GPE,0.06899847,0.38933486,en,10.90000000,,0,,,,,,
Tampa,Tampa,GPE,-0.21674312,0.45527523,en,10.90000000,,0,,,,,,
Gulf Coast,Gulf Coast,LOC,0.00728211,0.35203874,en,10.90000000,,0,,,,,,
Black River,Black River,LOC,-0.17590444,0.66368867,en,10.30000000,,0,,,,,,
Indonesia,Indonesia,GPE,-0.07264744,0.40541768,en,10.10000000,,0,,,,,,
Orlando,Orlando,GPE,0.04717472,0.59763476,en,10.10000000,,0,,,,,,
Pacific Ocean,Pacific Ocean,LOC,0.07885923,0.45895463,en,10.00000000,,0,,,,,,
the South Pacific,the South Pacific,LOC,0.16000000,0.80000000,en,10.00000000,,0,,,,,,
Fort Lauderdale,Fort Lauderdale,GPE,-0.24500000,0.39500000,en,10.00000000,,0,,,,,,
the East Coast,the East Coast,LOC,-0.05412879,0.83041793,en,10.00000000,,0,,,,,,
Indian Ocean,Indian Ocean,LOC,0.03552632,0.22273392,en,9.50000000,,0,,,,,,
America,America,GPE,0.19459220,0.75354610,en,9.40000000,,0,,,,,,
Barbados,Barbados,GPE,-0.14450549,0.26593407,en,9.10000000,,0,,,,,,
Earth,Earth,LOC,-0.00072391,0.82400673,en,9.00000000,,0,,,,,,
the Caribbean Sea,the Caribbean Sea,LOC,-0.15086610,0.96629213,en,8.90000000,,0,,,,,,
the Dominican Republic,the Dominican Republic,GPE,-0.14720644,0.53882576,en,8.80000000,,0,,,,,,
SAN JUAN,SAN JUAN,GPE,-0.22992714,0.83366832,en,8.40000000,,0,,,,,,
United States,United States,GPE,0.06566265,0.53072289,en,8.30000000,,0,,,,,,
Africa,Africa,LOC,-0.04200262,0.25352262,en,8.20000000,,0,,,,,,
the Pacific Ocean,the Pacific Ocean,LOC,-0.00010163,0.28668699,en,8.20000000,,0,,,,,,
Guangdong,Guangdong,GPE,0.12892954,0.44728997,en,8.20000000,,0,,,,,,
the 2024 Atlantic,the 2024 Atlantic,LOC,0.08897358,0.49037940,en,8.20000000,,0,,,,,,
Atlantic Ocean,Atlantic Ocean,LOC,0.04622615,0.41591844,en,8.10000000,,0,,,,,,
Cebu,Cebu,LOC,-0.58835227,0.80965909,en,8.00000000,,0,,,,,,
Typhoon Halong,Typhoon Halong,GPE,0.19265823,0.89141350,en,7.90000000,,0,,,,,,
Tampa Bay,Tampa Bay,LOC,-0.01381723,0.33268102,en,7.30000000,,0,,,,,,
Queensland,Queensland,GPE,-0.00595238,0.31428571,en,7.00000000,,0,,,,,,
MEXICO CITY,MEXICO CITY,GPE,0.02731864,0.35697888,en,6.60000000,,0,,,,,,
the National Oceanic,the National Oceanic,LOC,-0.01807692,0.23897436,en,6.50000000,,0,,,,,,
the Cayman Islands,the Cayman Islands,GPE,0.00448718,0.18290598,en,6.50000000,,0,,,,,,
Caribbean Sea,Caribbean Sea,LOC,-0.02622253,0.43210623,en,6.50000000,,0,,,,,,
Kenya,Kenya,GPE,-0.31175214,0.48547009,en,6.50000000,,0,,,,,,
HONG KONG,HONG KONG,GPE,0.29346478,0.58525546,en,6.40000000,,0,,,,,,
Southeast Asia,Southeast Asia,LOC,-0.18995620,0.39732481,en,6.40000000,,0,,,,,,
Hawaii,Hawaii,GPE,-0.03795573,0.25468750,en,6.40000000,,0,,,,,,
the South China Sea,the South China Sea,LOC,-0.09895833,0.35833333,en,6.40000000,,0,,,,,,
Tanzania,Tanzania,GPE,-0.04338108,0.40920139,en,6.40000000,,0,,,,,,
TAMPA,TAMPA,GPE,-0.22051373,0.60080492,en,6.40000000,,0,,,,,,
Grenada,Grenada,GPE,-0.18307292,0.48958333,en,6.40000000,,0,,,,,,
Central Florida,Central Florida,LOC,-0.07812500,0.47198276,en,5.80000000,,0,,,,,,
the Atlantic basin,the Atlantic basin,LOC,-0.01169591,0.10233918,en,5.70000000,,0,,,,,,
Tallahassee,Tallahassee,GPE,0.01547619,0.42817460,en,5.60000000,,0,,,,,,
Sarasota,Sarasota,GPE,0.11536578,0.83205387,en,5.50000000,,0,,,,,,
MIAMI,MIAMI,GPE,-0.04948347,0.54641873,en,5.50000000,,0,,,,,,
the Windward Islands,the Windward Islands,LOC,-0.09598485,0.46939394,en,5.50000000,,0,,,,,,
North Atlantic,North Atlantic,LOC,0.24166667,0.54318182,en,5.50000000,,0,,,,,,
Gulf of Mexico,Gulf of Mexico,LOC,0.04090909,0.46666667,en,5.50000000,,0,,,,,,
the Gulf Coast,the Gulf Coast,LOC,0.08090909,0.46727273,en,5.50000000,,0,,,,,,
Western Australia's,Western Australia's,LOC,0.01234568,0.37037037,en,5.40000000,,0,,,,,,
the Indian Ocean,the Indian Ocean,LOC,-0.23946886,0.42857143,en,5.20000000,,0,,,,,,
Jacksonville,Jacksonville,GPE,0.02083333,0.32175926,en,4.80000000,,0,,,,,,
Louisiana,Louisiana,GPE,-0.06026891,0.41502660,en,4.70000000,,0,,,,,,
Georgia,Georgia,GPE,-0.08924258,0.43081435,en,4.60000000,,0,,,,,,
South,South,LOC,-0.32225791,0.61801713,en,4.60000000,,0,,,,,,
Yucatan Peninsula,Yucatan Peninsula,LOC,0.06521739,0.52173913,en,4.60000000,,0,,,,,,
Bangladesh,Bangladesh,GPE,-0.25905797,0.39492754,en,4.60000000,,0,,,,,,
Pacific coast,Pacific coast,LOC,-0.01086957,0.01086957,en,4.60000000,,0,,,,,,
Hainan,Hainan,GPE,0.06576087,0.35942029,en,4.60000000,,0,,,,,,
the 2025 Atlantic,the 2025 Atlantic,LOC,0.13551372,0.43939786,en,4.60000000,,0,,,,,,
eastern coast,eastern coast,LOC,-0.06521739,0.86956522,en,4.60000000,,0,,,,,,
the east coast,the east coast,LOC,0.00000000,0.43478261,en,4.60000000,,0,,,,,,
Chivirico,Chivirico,GPE,0.08333333,0.32916667,en,4.00000000,,0,,,,,,
U.S,U.S,GPE,0.08675214,0.25384615,en,3.90000000,,0,,,,,,
Hong Kong's,Hong Kong's,GPE,0.18472222,0.47264957,en,3.90000000,,0,,,,,,
Northeast,Northeast,LOC,0.17055423,1.03854333,en,3.80000000,,0,,,,,,
Japan,Japan,GPE,0.23717105,1.42785088,en,3.80000000,,0,,,,,,
MANILA,MANILA,GPE,-0.06272116,0.29318409,en,3.70000000,,0,,,,,,
the Caroline Islands,the Caroline Islands,LOC,-0.03603604,0.36036036,en,3.70000000,,0,,,,,,
GENEVA,GENEVA,GPE,-0.65641892,0.90540541,en,3.70000000,,0,,,,,,
Azores,Azores,LOC,-0.00270270,0.35255255,en,3.70000000,,0,,,,,,
Northern Territory,Northern Territory,LOC,-0.10360360,0.49099099,en,3.70000000,,0,,,,,,
Aurora,Aurora,GPE,0.16516517,0.87087087,en,3.70000000,,0,,,,,,
Shenzhen,Shenzhen,GPE,0.25525526,0.51051051,en,3.70000000,,0,,,,,,
AUSTRALIA,AUSTRALIA,GPE,-0.08108108,0.52702703,en,3.70000000,,0,,,,,,
Terengganu,Terengganu,GPE,0.01435811,0.51970721,en,3.70000000,,0,,,,,,
Hanoi,Hanoi,GPE,0.24594595,0.77545045,en,3.70000000,,0,,,,,,
Ukraine,Ukraine,GPE,0.19369369,0.97147147,en,3.70000000,,0,,,,,,
Southeast,Southeast,LOC,-0.03986486,0.59189189,en,3.70000000,,0,,,,,,
Bengal,Bengal,GPE,0.00000000,0.35135135,en,3.70000000,,0,,,,,,
Pilbara,Pilbara,GPE,0.04513889,0.16666667,en,3.60000000,,0,,,,,,
Virginia,Virginia,GPE,-0.26215278,0.58333333,en,3.60000000,,0,,,,,,
Sri Lanka,Sri Lanka,GPE,-0.04220779,0.39883117,en,3.50000000,,0,,,,,,
Mauritius,Mauritius,GPE,-0.08823529,0.75000000,en,3.40000000,,0,,,,,,
Bermuda,Bermuda,GPE,-0.05433247,2.55149421,en,3.40000000,,0,,,,,,
Canada,Canada,GPE,-0.17578125,1.51171875,en,3.20000000,,0,,,,,,
earth,earth,LOC,-0.01724138,0.31034483,en,2.90000000,,0,,,,,,
the Sunshine State,the Sunshine State,LOC,0.32471264,0.56321839,en,2.90000000,,0,,,,,,
Typhoon Fung-wong,Typhoon Fung-wong,GPE,0.14625850,0.31632653,en,2.80000000,,0,,,,,,
CORAL SPRINGS,CORAL SPRINGS,GPE,-0.26785714,0.42857143,en,2.80000000,,0,,,,,,
Milton,Milton,GPE,0.01573129,0.53146259,en,2.80000000,,0,,,,,,
Yangjiang,Yangjiang,GPE,0.15714286,0.41964286,en,2.80000000,,0,,,,,,
the North Atlantic,the North Atlantic,LOC,0.01784140,0.35503275,en,2.80000000,,0,,,,,,
West Bengal,West Bengal,LOC,-0.39583333,0.52083333,en,2.80000000,,0,,,,,,
Windward Islands,Windward Islands,LOC,-0.00669643,0.16071429,en,2.80000000,,0,,,,,,
the Leeward Islands,the Leeward Islands,LOC,0.04166667,0.23730159,en,2.80000000,,0,,,,,,
Baja,Baja,GPE,-0.00892857,0.15178571,en,2.80000000,,0,,,,,,
the United States National Hurricane Center,the United States National Hurricane Center,GPE,-0.04464286,0.14880952,en,2.80000000,,0,,,,,,
FORT LAUDERDALE,FORT LAUDERDALE,GPE,-0.00396825,0.73809524,en,2.80000000,,0,,,,,,
Uwan,Uwan,GPE,0.07930308,0.42981151,en,2.80000000,,0,,,,,,
Floridas Gulf Coast,Floridas Gulf Coast,LOC,0.01488095,0.37500000,en,2.80000000,,0,,,,,,
Western Australia,Western Australia,LOC,0.00000000,0.00000000,en,2.80000000,,0,,,,,,
Veracruz,Veracruz,GPE,-0.11160714,0.31250000,en,2.80000000,,0,,,,,,
Marystown,Marystown,GPE,-0.08928571,0.16666667,en,2.80000000,,0,,,,,,
Carolinas,Carolinas,GPE,-0.24046266,0.74235660,en,2.80000000,,0,,,,,,
SYDNEY,SYDNEY,GPE,-0.13690476,0.54166667,en,2.80000000,,0,,,,,,
CAPE TOWN,CAPE TOWN,GPE,-0.32509438,0.52793082,en,2.70000000,,0,,,,,,
South Africa,South Africa,GPE,-0.32509438,0.52793082,en,2.70000000,,0,,,,,,
France,France,GPE,-0.63271605,0.76543210,en,2.70000000,,0,,,,,,
Kimberley,Kimberley,GPE,0.03703704,0.03703704,en,2.70000000,,0,,,,,,
Oklahoma,Oklahoma,GPE,0.00000000,0.00000000,en,2.60000000,,0,,,,,,
Pakistan,Pakistan,GPE,-0.14130435,0.50000000,en,2.30000000,,0,,,,,,
Brevard,Brevard,GPE,-0.11904762,0.23809524,en,2.10000000,,0,,,,,,
WASHINGTON,WASHINGTON,GPE,-0.04232804,0.20105820,en,2.10000000,,0,,,,,,
HANOI,HANOI,GPE,0.33472957,1.32025279,en,2.10000000,,0,,,,,,
Michigan,Michigan,GPE,0.00000000,0.50000000,en,2.00000000,,0,,,,,,
Montego Bay,Montego Bay,LOC,0.06666667,0.37083333,en,2.00000000,,0,,,,,,
CUBA,CUBA,GPE,0.27470238,0.68690476,en,2.00000000,,0,,,,,,
Nairobi,Nairobi,GPE,-0.76770833,1.04166667,en,2.00000000,,0,,,,,,
Hispaniola,Hispaniola,GPE,-0.78489583,2.40416667,en,2.00000000,,0,,,,,,
Central America,Central America,LOC,-0.07968750,0.33125000,en,2.00000000,,0,,,,,,
Jamaicas,Jamaicas,GPE,-0.09000000,0.35500000,en,2.00000000,,0,,,,,,
Liloan,Liloan,GPE,-0.16166667,0.31166667,en,2.00000000,,0,,,,,,
Europe,Europe,LOC,0.23333333,0.74722222,en,2.00000000,,0,,,,,,
Atlantic Basin,Atlantic Basin,LOC,0.24114583,0.76458333,en,2.00000000,,0,,,,,,
Islamabad,Islamabad,GPE,0.10526316,0.53947368,en,1.90000000,,0,,,,,,
Guangdong province,Guangdong province,GPE,0.16666667,0.51754386,en,1.90000000,,0,,,,,,
Ontario,Ontario,GPE,0.00000000,0.00000000,en,1.90000000,,0,,,,,,
Southeast coast,Southeast coast,LOC,0.07894737,0.22807018,en,1.90000000,,0,,,,,,
South-East Asia,South-East Asia,LOC,0.12280702,0.70175439,en,1.90000000,,0,,,,,,
Wipha,Wipha,GPE,0.08771930,0.14473684,en,1.90000000,,0,,,,,,
Goolwa Beach,Goolwa Beach,GPE,-0.42105263,0.89473684,en,1.90000000,,0,,,,,,
Acapulco,Acapulco,GPE,-0.10087719,0.08771930,en,1.90000000,,0,,,,,,
Dungun,Dungun,GPE,0.05263158,0.21052632,en,1.90000000,,0,,,,,,
Luzon,Luzon,LOC,0.11111111,0.55116959,en,1.90000000,,0,,,,,,
South Australia,South Australia,GPE,-0.42105263,0.89473684,en,1.90000000,,0,,,,,,
The United States,The United States,GPE,0.06578947,0.64327485,en,1.90000000,,0,,,,,,
Sumatra,Sumatra,GPE,0.15789474,0.47368421,en,1.90000000,,0,,,,,,
Shanghai,Shanghai,GPE,0.15789474,0.40350877,en,1.90000000,,0,,,,,,
Seroja,Seroja,LOC,0.00000000,0.00000000,en,1.90000000,,0,,,,,,
landfalling Atlantic,landfalling Atlantic,LOC,-1.05263158,1.05263158,en,1.90000000,,0,,,,,,
Carib,Carib,GPE,-0.26315789,0.60526316,en,1.90000000,,0,,,,,,
the US South,the US South,LOC,-0.27302632,0.47368421,en,1.90000000,,0,,,,,,
St. Catharines,St. Catharines,GPE,0.00000000,0.52631579,en,1.90000000,,0,,,,,,
the Ohio Valley,the Ohio Valley,LOC,-0.10526316,0.10526316,en,1.90000000,,0,,,,,,
Southeast U.S.,Southeast U.S.,LOC,-0.15789474,0.50000000,en,1.90000000,,0,,,,,,
Floridas,Floridas,GPE,0.15789474,0.52631579,en,1.90000000,,0,,,,,,
East Pakistan,East Pakistan,GPE,-0.61403509,0.61403509,en,1.90000000,,0,,,,,,
North America,North America,LOC,-0.09539474,0.58881579,en,1.90000000,,0,,,,,,
Hainan Island,Hainan Island,GPE,-0.01052632,0.25964912,en,1.90000000,,0,,,,,,
Mozambique,Mozambique,GPE,0.12865497,0.36257310,en,1.90000000,,0,,,,,,
LABRADOR,LABRADOR,GPE,0.00000000,0.23684211,en,1.90000000,,0,,,,,,
LISMORE,LISMORE,GPE,0.04057018,0.33004386,en,1.90000000,,0,,,,,,
Lismore,Lismore,GPE,0.04057018,0.33004386,en,1.90000000,,0,,,,,,
the southwestern Gulf of Mexico,the southwestern Gulf of Mexico,LOC,0.04276316,0.38304094,en,1.90000000,,0,,,,,,
Galveston,Galveston,GPE,-0.02923977,0.36257310,en,1.90000000,,0,,,,,,
east coast,east coast,LOC,0.34085213,0.61152882,en,1.90000000,,0,,,,,,
Belem,Belem,GPE,0.00000000,0.00000000,en,1.90000000,,0,,,,,,
Sydney,Sydney,GPE,0.00000000,0.00000000,en,1.90000000,,0,,,,,,
Zhejiang Province,Zhejiang Province,GPE,-0.03508772,0.24561404,en,1.90000000,,0,,,,,,
the Northern Hemisphere,the Northern Hemisphere,LOC,0.02626938,0.30957022,en,1.90000000,,0,,,,,,
OceanX,OceanX,GPE,0.12030075,0.30827068,en,1.90000000,,0,,,,,,
HOUSTON,HOUSTON,GPE,0.05263158,0.76315789,en,1.90000000,,0,,,,,,
Typhoon Yagi,Typhoon Yagi,LOC,-0.00263158,0.32894737,en,1.90000000,,0,,,,,,
Southern China,Southern China,LOC,0.07017544,0.29824561,en,1.90000000,,0,,,,,,
Dinalungan,Dinalungan,GPE,0.32163743,0.64327485,en,1.90000000,,0,,,,,,
TALLAHASSEE,TALLAHASSEE,GPE,0.00000000,0.00000000,en,1.90000000,,0,,,,,,
the southwest Gulf,the southwest Gulf,LOC,0.07894737,0.22807018,en,1.90000000,,0,,,,,,
Northern Australia,Northern Australia,LOC,-0.43157895,0.63157895,en,1.90000000,,0,,,,,,
Manila,Manila,GPE,-0.07894737,0.35745614,en,1.90000000,,0,,,,,,
North Carolinas,North Carolinas,GPE,-0.29824561,0.49122807,en,1.90000000,,0,,,,,,
South Carolina,South Carolina,GPE,-0.04057018,0.57456140,en,1.90000000,,0,,,,,,
The North Atlantic,The North Atlantic,LOC,0.00877193,0.28070175,en,1.90000000,,0,,,,,,
Superstorm Sandy,Superstorm Sandy,LOC,0.07894737,0.81140351,en,1.90000000,,0,,,,,,
Bacolod City,Bacolod City,GPE,0.01507675,0.43311404,en,1.90000000,,0,,,,,,
the Cabo Verde Islands,the Cabo Verde Islands,LOC,-0.00877193,0.39473684,en,1.90000000,,0,,,,,,
the Atlantic hurricane,the Atlantic hurricane,LOC,0.00000000,0.00000000,en,1.90000000,,0,,,,,,
Mississippi,Mississippi,GPE,-0.05263158,0.05263158,en,1.90000000,,0,,,,,,
Tropical Storm Milton,Tropical Storm Milton,LOC,0.00000000,0.00000000,en,1.90000000,,0,,,,,,
miami,miami,GPE,0.00000000,0.39473684,en,1.90000000,,0,,,,,,
North Carolina Beach,North Carolina Beach,GPE,-0.11058897,0.65037594,en,1.90000000,,0,,,,,,
NY,NY,GPE,0.07894737,0.81140351,en,1.90000000,,0,,,,,,
west coast,west coast,LOC,-0.01754386,0.14035088,en,1.90000000,,0,,,,,,
Bacolod,Bacolod,GPE,-0.02631579,0.18421053,en,1.90000000,,0,,,,,,
BACOLOD CITY,BACOLOD CITY,GPE,0.21052632,0.52631579,en,1.90000000,,0,,,,,,
TOKYO,TOKYO,GPE,-0.03508772,0.42105263,en,1.90000000,,0,,,,,,
El Niño,El Niño,GPE,-0.07236842,0.26973684,en,1.90000000,,0,,,,,,
NEW DELHI,NEW DELHI,GPE,-0.24596292,0.66586922,en,1.90000000,,0,,,,,,
the Southeastern United States,the Southeastern United States,GPE,0.00000000,0.10526316,en,1.90000000,,0,,,,,,
the Florida Peninsula,the Florida Peninsula,LOC,-0.01644737,0.57017544,en,1.90000000,,0,,,,,,
the Yucatan Peninsula,the Yucatan Peninsula,LOC,0.00000000,0.00000000,en,1.90000000,,0,,,,,,
the Gulf through Orlando,the Gulf through Orlando,LOC,0.00000000,0.21052632,en,1.90000000,,0,,,,,,
Hong Kong’s,Hong Kong’s,GPE,0.05263158,0.21052632,en,1.90000000,,0,,,,,,
St. Pete Beach,St. Pete Beach,GPE,0.00000000,0.06578947,en,1.90000000,,0,,,,,,
Sadbhav,Sadbhav,GPE,-0.24596292,0.66586922,en,1.90000000,,0,,,,,,
Cortez,Cortez,GPE,0.00000000,0.03508772,en,1.90000000,,0,,,,,,
Tropical Storm Erin,Tropical Storm Erin,LOC,0.13486842,0.42982456,en,1.90000000,,0,,,,,,
Mexicos,Mexicos,GPE,0.17543860,0.35087719,en,1.90000000,,0,,,,,,
the Florida Panhandle,the Florida Panhandle,LOC,0.11069340,0.53425230,en,1.90000000,,0,,,,,,
Ont.,Ont.,GPE,0.00000000,0.52631579,en,1.90000000,,0,,,,,,
the Central Pacific,the Central Pacific,LOC,0.13888889,0.43859649,en,1.90000000,,0,,,,,,
East Pacific,East Pacific,LOC,0.05190058,0.24561404,en,1.90000000,,0,,,,,,
Eastern Seaboard,Eastern Seaboard,LOC,-0.02653509,0.37251462,en,1.90000000,,0,,,,,,
Chile,Chile,GPE,0.15789474,0.52631579,en,1.90000000,,0,,,,,,
Neb.,Neb.,GPE,0.26754386,0.28947368,en,1.90000000,,0,,,,,,
the eastern Pacific,the eastern Pacific,LOC,-0.10526316,0.42105263,en,1.90000000,,0,,,,,,
Treasure Beach,Treasure Beach,GPE,0.00000000,0.43859649,en,1.90000000,,0,,,,,,
Kentucky,Kentucky,GPE,-0.01754386,0.26315789,en,1.90000000,,0,,,,,,
the Southern U.S.,the Southern U.S.,LOC,0.03508772,0.22807018,en,1.90000000,,0,,,,,,
East,East,LOC,0.08421053,0.75789474,en,1.90000000,,0,,,,,,
New England,New England,LOC,-0.01384142,0.55160629,en,1.90000000,,0,,,,,,
INDIAN ROCKS BEACH,INDIAN ROCKS BEACH,LOC,0.03508772,0.06432749,en,1.90000000,,0,,,,,,
Nova Scotia,Nova Scotia,GPE,-0.78947368,1.05263158,en,1.90000000,,0,,,,,,
Malaysia,Malaysia,GPE,-0.06578947,0.42105263,en,1.90000000,,0,,,,,,
N.C.,N.C.,GPE,-0.11111111,0.27777778,en,1.80000000,,0,,,,,,
Edmonton,Edmonton,GPE,-0.33333333,0.50000000,en,1.80000000,,0,,,,,,
the Gulf of Carpentaria,the Gulf of Carpentaria,LOC,-0.16666667,0.41666667,en,1.80000000,,0,,,,,,
Sri Lanka's,Sri Lanka's,GPE,-0.00810185,0.59259259,en,1.80000000,,0,,,,,,
PARIS,PARIS,GPE,-0.03472222,0.25231481,en,1.80000000,,0,,,,,,
La Reunion,La Reunion,GPE,0.12500000,0.65277778,en,1.80000000,,0,,,,,,
MAURITIUS,MAURITIUS,GPE,0.12500000,0.65277778,en,1.80000000,,0,,,,,,
PORT LOUIS,PORT LOUIS,GPE,0.12500000,0.65277778,en,1.80000000,,0,,,,,,
Madagascar,Madagascar,GPE,-0.13888889,0.22222222,en,1.80000000,,0,,,,,,
New Zealand,New Zealand,GPE,1.15272624,2.25445784,en,1.40000000,,0,,,,,,
Washington,Washington,GPE,0.28114073,0.76285693,en,1.30000000,,0,,,,,,
Chicago,Chicago,GPE,0.09615385,0.38461538,en,1.30000000,,0,,,,,,
Pacífico,Pacífico,GPE,0.00000000,0.07692308,en,1.30000000,,0,,,,,,
GUADALAJARA,GUADALAJARA,GPE,0.00000000,0.07692308,en,1.30000000,,0,,,,,,
Wisconsin,Wisconsin,GPE,0.08333333,0.13541667,en,1.20000000,,0,,,,,,
Afghanistan,Afghanistan,GPE,-0.41666667,0.08333333,en,1.20000000,,0,,,,,,
Milan,Milan,GPE,-0.20694444,1.05208333,en,1.20000000,,0,,,,,,
New Orleans,New Orleans,GPE,0.27537879,1.23598485,en,1.20000000,,0,,,,,,
Lake,Lake,LOC,-0.22727273,0.45454545,en,1.10000000,,0,,,,,,
Greece,Greece,GPE,0.00000000,0.90909091,en,1.10000000,,0,,,,,,
Holguin,Holguin,GPE,0.00000000,0.00000000,en,1.10000000,,0,,,,,,
china,china,GPE,0.19696970,1.52525253,en,1.10000000,,0,,,,,,
Venezuela,Venezuela,GPE,0.00000000,0.00000000,en,1.10000000,,0,,,,,,
The National Oceanic,The National Oceanic,LOC,0.25252525,0.45454545,en,1.10000000,,0,,,,,,
ISLAMABAD,ISLAMABAD,GPE,0.00000000,0.04545455,en,1.10000000,,0,,,,,,
Samaritan,Samaritan,GPE,-0.05050505,0.16161616,en,1.10000000,,0,,,,,,
Albania,Albania,GPE,0.00000000,0.90909091,en,1.10000000,,0,,,,,,
Britain,Britain,GPE,0.00000000,0.00000000,en,1.10000000,,0,,,,,,
Dublin,Dublin,GPE,0.34090909,0.90909091,en,1.10000000,,0,,,,,,
Ireland,Ireland,GPE,0.33712121,0.83712121,en,1.10000000,,0,,,,,,
Phoenix,Phoenix,GPE,0.00000000,0.00000000,en,1.10000000,,0,,,,,,
Great Lakes,Great Lakes,LOC,0.81818182,1.51515152,en,1.10000000,,0,,,,,,
West Palm Beach,West Palm Beach,GPE,-0.28282828,0.52525253,en,1.10000000,,0,,,,,,
Sea,Sea,LOC,0.18750000,0.41250000,en,1.00000000,,0,,,,,,
Indonesias Sumatra,Indonesias Sumatra,GPE,0.10000000,0.36666667,en,1.00000000,,0,,,,,,
Viet Nam’s,Viet Nam’s,GPE,0.37500000,0.37500000,en,1.00000000,,0,,,,,,
St. Elizabeth,St. Elizabeth,GPE,0.14696970,0.82878788,en,1.00000000,,0,,,,,,
the Bahamas Octo,the Bahamas Octo,LOC,-0.15555556,0.28888889,en,1.00000000,,0,,,,,,
Island,Island,LOC,0.01428571,0.39285714,en,1.00000000,,0,,,,,,
Geneva,Geneva,GPE,0.42500000,0.52500000,en,1.00000000,,0,,,,,,
Yunnan Province,Yunnan Province,GPE,0.00000000,0.00000000,en,1.00000000,,0,,,,,,
Quinhagak,Quinhagak,GPE,-0.05333333,0.31333333,en,1.00000000,,0,,,,,,
Mountain,Mountain,LOC,0.00000000,0.00000000,en,1.00000000,,0,,,,,,
Oldeconomybuy,Oldeconomybuy,GPE,0.00000000,0.00000000,en,1.00000000,,0,,,,,,
Bualoi,Bualoi,GPE,0.05000000,0.20000000,en,1.00000000,,0,,,,,,
Black River Market,Black River Market,LOC,-0.12500000,0.28333333,en,1.00000000,,0,,,,,,
Ohio,Ohio,GPE,-0.30000000,0.40000000,en,1.00000000,,0,,,,,,
Bay,Bay,LOC,0.15000000,0.40000000,en,1.00000000,,0,,,,,,
Argentina,Argentina,GPE,0.00000000,0.00000000,en,1.00000000,,0,,,,,,
Longwood,Longwood,GPE,0.00000000,0.00000000,en,1.00000000,,0,,,,,,
COCONUT CREEK,COCONUT CREEK,GPE,0.24375000,0.51875000,en,1.00000000,,0,,,,,,
New York,New York,GPE,0.13636364,0.45454545,en,1.00000000,,0,,,,,,
"Northeast
","Northeast
",LOC,0.00000000,1.00000000,en,1.00000000,,0,,,,,,
BLACK RIVER,BLACK RIVER,LOC,0.02000000,0.41000000,en,1.00000000,,0,,,,,,
Caribbean islands,Caribbean islands,LOC,0.07222222,0.74444444,en,1.00000000,,0,,,,,,
U.K.,U.K.,GPE,0.00000000,0.00000000,en,1.00000000,,0,,,,,,
N.S.,N.S.,GPE,0.00000000,0.00000000,en,1.00000000,,0,,,,,,
Puerto Rico’s,Puerto Rico’s,GPE,-0.50000000,1.00000000,en,1.00000000,,0,,,,,,
Israel,Israel,GPE,0.55000000,1.50000000,en,1.00000000,,0,,,,,,
"the South China Sea
","the South China Sea
",LOC,0.20333333,0.56333333,en,1.00000000,,0,,,,,,
Qui,Qui,GPE,0.00000000,0.15000000,en,1.00000000,,0,,,,,,
Halong,Halong,GPE,0.16666667,0.33333333,en,1.00000000,,0,,,,,,
the South China Sea Read,the South China Sea Read,LOC,0.20333333,0.56333333,en,1.00000000,,0,,,,,,
BAHAMAS,BAHAMAS,GPE,0.02083333,0.16666667,en,1.00000000,,0,,,,,,
Mandeville,Mandeville,GPE,0.50000000,0.50000000,en,1.00000000,,0,,,,,,
the Lucayan Archipelago,the Lucayan Archipelago,GPE,0.30000000,0.63333333,en,1.00000000,,0,,,,,,
Ankara,Ankara,GPE,0.21212121,0.37373737,en,1.00000000,,0,,,,,,
Türkiye,Türkiye,GPE,0.61212121,0.67373737,en,1.00000000,,0,,,,,,
Malacca,Malacca,GPE,0.00000000,0.00000000,en,1.00000000,,0,,,,,,
Hurricane Melissa,Hurricane Melissa,GPE,0.09662698,0.31289683,en,1.00000000,,0,,,,,,
Northern Hemisphere,Northern Hemisphere,LOC,0.00000000,0.00000000,en,1.00000000,,0,,,,,,
Northeast Pacifi,Northeast Pacifi,LOC,0.02495591,0.29409171,en,1.00000000,,0,,,,,,
Florida Everglades,Florida Everglades,GPE,-0.10000000,0.05000000,en,1.00000000,,0,,,,,,
Thailand,Thailand,GPE,0.42500000,0.52500000,en,1.00000000,,0,,,,,,
Kingston,Kingston,GPE,-0.60000000,0.60000000,en,1.00000000,,0,,,,,,
the Western Atlantic,the Western Atlantic,LOC,-0.18500000,0.52500000,en,1.00000000,,0,,,,,,
Melissas,Melissas,LOC,0.10833333,0.53333333,en,1.00000000,,0,,,,,,
the Dominican Republic …,the Dominican Republic …,GPE,-0.07916667,0.43333333,en,1.00000000,,0,,,,,,
Sunshine State,Sunshine State,GPE,0.50000000,0.60000000,en,1.00000000,,0,,,,,,
Hispan,Hispan,GPE,-0.36666667,0.56666667,en,1.00000000,,0,,,,,,
Turkey,Turkey,GPE,0.30000000,0.10000000,en,1.00000000,,0,,,,,,
Strait,Strait,LOC,0.00000000,0.00000000,en,1.00000000,,0,,,,,,
Havana,Havana,GPE,0.00000000,0.00000000,en,1.00000000,,0,,,,,,
Southern U.S.,Southern U.S.,LOC,0.30000000,0.45000000,en,1.00000000,,0,,,,,,
Tripadvisor,Tripadvisor,GPE,0.45666667,0.43666667,en,1.00000000,,0,,,,,,
the Atlantic Hurrican,the Atlantic Hurrican,LOC,0.00000000,0.00000000,en,1.00000000,,0,,,,,,
Gaza,Gaza,GPE,0.05833333,0.45833333,en,1.00000000,,0,,,,,,
New Hope,New Hope,GPE,0.23636364,0.85454545,en,1.00000000,,0,,,,,,
Valencia,Valencia,GPE,0.10000000,0.40000000,en,1.00000000,,0,,,,,,
Western Cuba,Western Cuba,LOC,0.00000000,0.00000000,en,1.00000000,,0,,,,,,
Miss.,Miss.,GPE,-0.40000000,0.53333333,en,1.00000000,,0,,,,,,
Niagara,Niagara,GPE,0.00000000,0.00000000,en,1.00000000,,0,,,,,,
recordis,recordis,GPE,0.00000000,0.00000000,en,1.00000000,,0,,,,,,
Jamaic,Jamaic,GPE,-0.10000000,0.70000000,en,1.00000000,,0,,,,,,
World Meteo…,World Meteo…,GPE,-0.43437500,0.67500000,en,1.00000000,,0,,,,,,
Viet Nam,Viet Nam,GPE,0.42500000,0.52500000,en,1.00000000,,0,,,,,,
SANTIAGO DE CUBA,SANTIAGO DE CUBA,GPE,0.00000000,0.00000000,en,1.00000000,,0,,,,,,
the Atlantic Oceanand,the Atlantic Oceanand,LOC,0.33409091,0.73863636,en,1.00000000,,0,,,,,,
ST,ST,GPE,0.23030303,0.56212121,en,1.00000000,,0,,,,,,
Arctic,Arctic,LOC,0.00000000,0.00000000,en,1.00000000,,0,,,,,,
Gia Lai province,Gia Lai province,GPE,0.00000000,0.25000000,en,1.00000000,,0,,,,,,
Stung Treng,Stung Treng,GPE,-0.40000000,0.60000000,en,1.00000000,,0,,,,,,
Auckland,Auckland,GPE,0.13636364,0.45454545,en,1.00000000,,0,,,,,,
the Miami Hurricanes,the Miami Hurricanes,LOC,-0.29166667,0.54166667,en,1.00000000,,0,,,,,,
Miami Hurricanes,Miami Hurricanes,GPE,0.00000000,0.00000000,en,1.00000000,,0,,,,,,
sa,sa,GPE,0.00000000,0.25000000,en,1.00000000,,0,,,,,,
X5.1,X5.1,LOC,0.00000000,0.00000000,en,1.00000000,,0,,,,,,
St. Marys,St. Marys,GPE,1.00000000,1.00000000,en,1.00000000,,0,,,,,,
the Deep South,the Deep South,LOC,0.00000000,0.40000000,en,1.00000000,,0,,,,,,
Cebu City,Cebu City,GPE,0.17500000,0.57500000,en,1.00000000,,0,,,,,,
New York Citys,New York Citys,GPE,0.02911932,0.33716856,en,1.00000000,,0,,,,,,
New York City’s,New York City’s,GPE,0.02911932,0.33716856,en,1.00000000,,0,,,,,,
New York City,New York City,GPE,0.06818182,0.25227273,en,1.00000000,,0,,,,,,
sightings,sightings,GPE,0.00000000,0.40000000,en,1.00000000,,0,,,,,,
Queens,Queens,GPE,0.06818182,0.25227273,en,1.00000000,,0,,,,,,
the aurora borealis,the aurora borealis,LOC,0.55000000,0.90000000,en,1.00000000,,0,,,,,,
Cambodia,Cambodia,GPE,-0.40000000,0.60000000,en,1.00000000,,0,,,,,,
Western Jamaica,Western Jamaica,LOC,0.00000000,0.00000000,en,1.00000000,,0,,,,,,
stor… Jamaica,stor… Jamaica,GPE,0.00000000,0.25000000,en,1.00000000,,0,,,,,,
the South East Asian,the South East Asian,LOC,0.00000000,0.00000000,en,1.00000000,,0,,,,,,
Guantanamo Bay,Guantanamo Bay,LOC,0.50000000,0.90000000,en,1.00000000,,0,,,,,,
Brazil,Brazil,GPE,-0.20000000,0.40000000,en,1.00000000,,0,,,,,,
Phillippines,Phillippines,GPE,-0.20000000,0.40000000,en,1.00000000,,0,,,,,,
South East Asia,South East Asia,LOC,0.00000000,1.00000000,en,1.00000000,,0,,,,,,
the Amazon River,the Amazon River,LOC,0.00000000,0.00000000,en,1.00000000,,0,,,,,,
Amazon,Amazon,LOC,0.00000000,0.00000000,en,1.00000000,,0,,,,,,
LAKE SUPERIOR,LAKE SUPERIOR,GPE,-0.01666667,0.88333333,en,1.00000000,,0,,,,,,
Luzon Island,Luzon Island,GPE,0.33333333,0.66666667,en,1.00000000,,0,,,,,,
the National Ocean,the National Ocean,LOC,0.00000000,0.00000000,en,1.00000000,,0,,,,,,
SPRINGS,SPRINGS,GPE,-0.25000000,0.40000000,en,1.00000000,,0,,,,,,
Supertyphoon Approaches,Supertyphoon Approaches,GPE,0.00000000,0.00000000,en,1.00000000,,0,,,,,,
Mindanao,Mindanao,GPE,0.00000000,0.00000000,en,1.00000000,,0,,,,,,
Visayas,Visayas,GPE,0.33333333,0.66666667,en,1.00000000,,0,,,,,,
Central Asia,Central Asia,LOC,0.16666667,0.49444444,en,1.00000000,,0,,,,,,
Typhoon Uwan,Typhoon Uwan,GPE,0.00000000,0.00000000,en,1.00000000,,0,,,,,,
Woodside,Woodside,GPE,0.06818182,0.25227273,en,1.00000000,,0,,,,,,
Florida Neighborhood,Florida Neighborhood,GPE,-0.25000000,0.40000000,en,1.00000000,,0,,,,,,
Patagonia,Patagonia,GPE,0.20000000,0.50000000,en,1.00000000,,0,,,,,,
Westmoreland Parish,Westmoreland Parish,GPE,-0.05000000,0.08333333,en,1.00000000,,0,,,,,,
JAMAICA,JAMAICA,GPE,-0.20454545,0.81818182,en,1.00000000,,0,,,,,,
Whitehouse,Whitehouse,GPE,-0.05000000,0.08333333,en,1.00000000,,0,,,,,,
Westmoreland,Westmoreland,GPE,-0.05000000,0.08333333,en,1.00000000,,0,,,,,,
Six Flags America,Six Flags America,LOC,0.00000000,0.13333333,en,1.00000000,,0,,,,,,
Maryland,Maryland,GPE,0.00000000,0.06666667,en,1.00000000,,0,,,,,,
Bowie,Bowie,GPE,0.00000000,0.06666667,en,1.00000000,,0,,,,,,
Chilean Patagonia,Chilean Patagonia,GPE,-0.10000000,0.00000000,en,1.00000000,,0,,,,,,
Los Angeles,Los Angeles,GPE,0.00000000,0.50000000,en,1.00000000,,0,,,,,,
NEW HOLLAND,NEW HOLLAND,GPE,0.23030303,0.56212121,en,1.00000000,,0,,,,,,
St. Elizabeth …,St. Elizabeth …,GPE,0.00000000,0.30000000,en,1.00000000,,0,,,,,,
KINGSTON,KINGSTON,GPE,0.00000000,0.00000000,en,1.00000000,,0,,,,,,
Puerto Rico's,Puerto Rico's,GPE,-0.50000000,1.00000000,en,1.00000000,,0,,,,,,
Germany,Germany,GPE,0.10000000,0.50000000,en,1.00000000,,0,,,,,,
OMAHA,OMAHA,GPE,0.50833333,0.55000000,en,1.00000000,,0,,,,,,
the North Atlantic - Yale Climate Connections,the North Atlantic - Yale Climate Connections,LOC,-0.60000000,1.00000000,en,1.00000000,,0,,,,,,
PETERSBURG,PETERSBURG,GPE,0.00000000,0.00000000,en,1.00000000,,0,,,,,,
Native Alaska,Native Alaska,LOC,0.00000000,0.00000000,en,1.00000000,,0,,,,,,
Inner Circle,Inner Circle,LOC,0.25000000,0.33333333,en,1.00000000,,0,,,,,,
the Yukon-Kuskokwim Delta,the Yukon-Kuskokwim Delta,LOC,0.10000000,0.40000000,en,1.00000000,,0,,,,,,
Mayorga,Mayorga,GPE,0.02500000,0.62500000,en,1.00000000,,0,,,,,,
Ky,Ky,GPE,0.25000000,0.33333333,en,1.00000000,,0,,,,,,
MONTEGO BAY,MONTEGO BAY,LOC,0.00000000,0.00000000,en,1.00000000,,0,,,,,,
Antarctic,Antarctic,LOC,0.15833333,0.45833333,en,1.00000000,,0,,,,,,
TAIPEI,TAIPEI,GPE,0.15000000,0.50000000,en,1.00000000,,0,,,,,,
Cozad,Cozad,GPE,0.00000000,0.00000000,en,1.00000000,,0,,,,,,
Steinbrenner Field,Steinbrenner Field,LOC,0.00000000,0.00000000,en,1.00000000,,0,,,,,,
Hektoria glacier,Hektoria glacier,LOC,0.15833333,0.45833333,en,1.00000000,,0,,,,,,
the Antarctic Peninsula,the Antarctic Peninsula,LOC,0.00000000,0.00000000,en,1.00000000,,0,,,,,,
Antarctic glacier's,Antarctic glacier's,LOC,-0.10000000,0.60000000,en,1.00000000,,0,,,,,,
Typhoon Kalmaegis,Typhoon Kalmaegis,LOC,-0.10000000,0.40000000,en,1.00000000,,0,,,,,,
Typhoon Kalmaegi,Typhoon Kalmaegi,LOC,0.00000000,0.00000000,en,1.00000000,,0,,,,,,
Verisk,Verisk,GPE,0.24318182,0.63636364,en,1.00000000,,0,,,,,,
BOSTON,BOSTON,GPE,0.24318182,0.63636364,en,1.00000000,,0,,,,,,
ST.,ST.,GPE,0.00000000,0.00000000,en,1.00000000,,0,,,,,,
Guantánamo Bay,Guantánamo Bay,LOC,-0.05937500,0.85000000,en,1.00000000,,0,,,,,,
Saint Vincent,Saint Vincent,GPE,0.00000000,0.00000000,en,1.00000000,,0,,,,,,
the Central Caribbean Sea,the Central Caribbean Sea,LOC,0.00000000,0.25000000,en,1.00000000,,0,,,,,,
Latin America &amp,Latin America &amp,LOC,0.22500000,0.75000000,en,1.00000000,,0,,,,,,
Po…,Po…,GPE,0.80000000,0.90000000,en,1.00000000,,0,,,,,,
sydney,sydney,GPE,0.00000000,0.00000000,en,1.00000000,,0,,,,,,
the Gulf of Carperntaria,the Gulf of Carperntaria,LOC,0.00000000,0.00000000,en,1.00000000,,0,,,,,,
South Texas,South Texas,LOC,0.25000000,0.33333333,en,1.00000000,,0,,,,,,
Comoros,Comoros,GPE,0.00000000,0.00000000,en,1.00000000,,0,,,,,,
Tamil Nadu,Tamil Nadu,LOC,0.04166667,0.45833333,en,1.00000000,,0,,,,,,
the U.S. Gulf,the U.S. Gulf,LOC,0.00000000,0.25000000,en,1.00000000,,0,,,,,,
Path,Path,GPE,0.00000000,0.00000000,en,1.00000000,,0,,,,,,
Little Cayman,Little Cayman,GPE,-0.18750000,0.50000000,en,1.00000000,,0,,,,,,
HAVANA,HAVANA,GPE,0.00000000,0.00000000,en,1.00000000,,0,,,,,,
BEIJING,BEIJING,GPE,-0.03125000,0.25000000,en,1.00000000,,0,,,,,,
MELBOURNE,MELBOURNE,GPE,0.00000000,0.00000000,en,1.00000000,,0,,,,,,
Belize,Belize,GPE,0.00000000,0.00000000,en,1.00000000,,0,,,,,,
the West Indies,the West Indies,LOC,-0.10000000,0.25000000,en,1.00000000,,0,,,,,,
Catego,Catego,GPE,-0.14375000,0.57500000,en,1.00000000,,0,,,,,,
St. Lucia,St. Lucia,GPE,0.00000000,0.00000000,en,1.00000000,,0,,,,,,
Tennessee,Tennessee,GPE,-0.44375000,1.20000000,en,1.00000000,,0,,,,,,
Caicos,Caicos,GPE,0.22083333,0.56250000,en,1.00000000,,0,,,,,,
3rd Congressional District,3rd Congressional District,LOC,0.00000000,0.00000000,en,1.00000000,,0,,,,,,
the southeast Caribbean,the southeast Caribbean,LOC,0.19250000,0.31333333,en,1.00000000,,0,,,,,,
Katrina,Katrina,GPE,-0.09333333,0.68833333,en,1.00000000,,0,,,,,,
Anna Maria Island,Anna Maria Island,GPE,0.00000000,0.00000000,en,1.00000000,,0,,,,,,
Zelia,Zelia,GPE,0.06250000,0.50000000,en,1.00000000,,0,,,,,,
Eastern Coast,Eastern Coast,LOC,0.00000000,0.00000000,en,1.00000000,,0,,,,,,
Tropical Storm,Tropical Storm,LOC,0.20833333,0.42500000,en,1.00000000,,0,,,,,,
USA,USA,GPE,0.03333333,0.40000000,en,1.00000000,,0,,,,,,
Puerto Rico Erin,Puerto Rico Erin,GPE,0.10000000,0.55000000,en,1.00000000,,0,,,,,,
Sint Maarten,Sint Maarten,GPE,0.30000000,1.00000000,en,1.00000000,,0,,,,,,
St. Barthelemy,St. Barthelemy,GPE,0.30000000,1.00000000,en,1.00000000,,0,,,,,,
St. Martin,St. Martin,GPE,0.30000000,1.00000000,en,1.00000000,,0,,,,,,
Anguilla,Anguilla,GPE,0.00000000,0.40000000,en,1.00000000,,0,,,,,,
the Virgin Islands,the Virgin Islands,GPE,0.12500000,0.16666667,en,1.00000000,,0,,,,,,
the Northern Leeward Islands,the Northern Leeward Islands,LOC,0.12500000,0.16666667,en,1.00000000,,0,,,,,,
FLORIDA,FLORIDA,GPE,0.10000000,0.40000000,en,1.00000000,,0,,,,,,
Pensacola,Pensacola,GPE,0.00000000,0.00000000,en,1.00000000,,0,,,,,,
Bradenton,Bradenton,GPE,0.00000000,0.00000000,en,1.00000000,,0,,,,,,
East CoastTropical Storm Dexter,East CoastTropical Storm Dexter,LOC,-0.13333333,0.33333333,en,1.00000000,,0,,,,,,
the North Atlantic Ocean,the North Atlantic Ocean,LOC,0.12784091,0.33238636,en,1.00000000,,0,,,,,,
Dexter,Dexter,GPE,-0.13333333,0.60000000,en,1.00000000,,0,,,,,,
MEXICO,MEXICO,GPE,-0.10000000,0.40000000,en,1.00000000,,0,,,,,,
Aventura,Aventura,GPE,0.00000000,0.00000000,en,1.00000000,,0,,,,,,
Typhoon Wipha,Typhoon Wipha,LOC,0.10000000,0.30000000,en,1.00000000,,0,,,,,,
Tropical Storm Dexter,Tropical Storm Dexter,LOC,0.05000000,0.70000000,en,1.00000000,,0,,,,,,
Guatemala,Guatemala,GPE,-0.12500000,0.25000000,en,1.00000000,,0,,,,,,
Resort Island,Resort Island,LOC,0.25000000,0.33333333,en,1.00000000,,0,,,,,,
Lismore NSW,Lismore NSW,GPE,0.00000000,0.00000000,en,1.00000000,,0,,,,,,
the Kimberley coast,the Kimberley coast,LOC,0.00000000,0.30000000,en,1.00000000,,0,,,,,,
Townsville,Townsville,GPE,-0.25000000,0.40000000,en,1.00000000,,0,,,,,,
Latin America,Latin America,LOC,-0.05000000,0.05000000,en,1.00000000,,0,,,,,,
Sarasota Country,Sarasota Country,GPE,-0.01250000,0.38750000,en,1.00000000,,0,,,,,,
the Eastern Seaboard,the Eastern Seaboard,LOC,-0.15000000,0.25000000,en,1.00000000,,0,,,,,,
Tropical Storm Francine,Tropical Storm Francine,LOC,-0.02121212,0.31818182,en,1.00000000,,0,,,,,,
La…,La…,GPE,-0.33333333,0.53333333,en,1.00000000,,0,,,,,,
Sa…,Sa…,GPE,-0.05000000,0.05000000,en,1.00000000,,0,,,,,,
Sinaloa,Sinaloa,GPE,-0.05000000,0.05000000,en,1.00000000,,0,,,,,,
southeast Asia,southeast Asia,LOC,0.00000000,0.00000000,en,1.00000000,,0,,,,,,
New Delhi,New Delhi,GPE,0.06818182,0.27727273,en,1.00000000,,0,,,,,,
National Oceanic,National Oceanic,LOC,0.00000000,0.00000000,en,1.00000000,,0,,,,,,
WMO,WMO,LOC,0.00000000,0.00000000,en,1.00000000,,0,,,,,,
TULUM,TULUM,GPE,0.16666667,0.33333333,en,1.00000000,,0,,,,,,
La.,La.,GPE,-0.05000000,0.05000000,en,1.00000000,,0,,,,,,
METAIRIE,METAIRIE,GPE,0.00000000,0.00000000,en,1.00000000,,0,,,,,,
Warm Gulf,Warm Gulf,LOC,0.60000000,0.60000000,en,1.00000000,,0,,,,,,
SanitationThe,SanitationThe,GPE,-0.20000000,0.50000000,en,1.00000000,,0,,,,,,
Tropical Storm Debby,Tropical Storm Debby,LOC,0.00000000,0.00000000,en,1.00000000,,0,,,,,,
Debby,Debby,GPE,0.00000000,0.00000000,en,1.00000000,,0,,,,,,
North Atlantic Ocean,North Atlantic Ocean,LOC,0.00000000,0.00000000,en,1.00000000,,0,,,,,,
Missouri,Missouri,GPE,0.00000000,0.00000000,en,1.00000000,,0,,,,,,
Matlacha,Matlacha,GPE,0.70000000,0.80000000,en,1.00000000,,0,,,,,,
Illinois,Illinois,GPE,0.00000000,0.00000000,en,1.00000000,,0,,,,,,
the Greater Antilles,the Greater Antilles,LOC,0.25000000,0.25000000,en,1.00000000,,0,,,,,,
Indiana,Indiana,GPE,0.00000000,0.00000000,en,1.00000000,,0,,,,,,
Houston,Houston,GPE,0.50000000,0.90000000,en,1.00000000,,0,,,,,,
GALVESTON,GALVESTON,GPE,0.10000000,0.40000000,en,1.00000000,,0,,,,,,
Asia-Pacific,Asia-Pacific,LOC,-0.20000000,0.50000000,en,1.00000000,,0,,,,,,
Cayman,Cayman,GPE,-0.20000000,0.40000000,en,1.00000000,,0,,,,,,
U.S. South,U.S. South,GPE,-0.10000000,0.20000000,en,1.00000000,,0,,,,,,
Florida Peninsula,Florida Peninsula,LOC,0.06666667,0.40000000,en,1.00000000,,0,,,,,,
Horseshoe Beach,Horseshoe Beach,GPE,0.00000000,0.00000000,en,1.00000000,,0,,,,,,
Jupiter,Jupiter,LOC,-0.04000000,0.63000000,en,1.00000000,,0,,,,,,
Batanes,Batanes,LOC,0.00000000,0.00000000,en,1.00000000,,0,,,,,,
Hurricane Milton's,Hurricane Milton's,GPE,0.00000000,0.23333333,en,1.00000000,,0,,,,,,
the Gulf Of Mexico,the Gulf Of Mexico,LOC,-0.05000000,0.05000000,en,1.00000000,,0,,,,,,
Atlantic Canada ',Atlantic Canada ',LOC,0.00000000,0.00000000,en,1.00000000,,0,,,,,,
Fe,Fe,GPE,0.01250000,0.38000000,en,1.00000000,,0,,,,,,
the Gulf of Mexic,the Gulf of Mexic,LOC,0.00000000,0.00000000,en,1.00000000,,0,,,,,,
First Atlantic Hurricane,First Atlantic Hurricane,LOC,-0.17500000,0.61666667,en,1.00000000,,0,,,,,,
the Tampa Bay Area,the Tampa Bay Area,LOC,0.00000000,0.00000000,en,1.00000000,,0,,,,,,
Carriacou island,Carriacou island,LOC,-0.60000000,0.90000000,en,1.00000000,,0,,,,,,
recor,recor,GPE,0.00000000,0.00000000,en,1.00000000,,0,,,,,,
Caribbean island,Caribbean island,LOC,-0.16666667,1.70000000,en,1.00000000,,0,,,,,,
Pingtung county,Pingtung county,GPE,-0.29166667,0.54166667,en,1.00000000,,0,,,,,,
The East Coast,The East Coast,LOC,-0.11590909,0.38863636,en,1.00000000,,0,,,,,,
ORLEAN,ORLEAN,GPE,0.13636364,0.45454545,en,1.00000000,,0,,,,,,
NEW ORLEANS,NEW ORLEANS,GPE,0.13636364,0.45454545,en,1.00000000,,0,,,,,,
Big Bend,Big Bend,GPE,0.03333333,0.50000000,en,1.00000000,,0,,,,,,
the Aucilla River,the Aucilla River,LOC,0.03333333,0.50000000,en,1.00000000,,0,,,,,,
Carriacou Island,Carriacou Island,LOC,-0.12500000,1.00000000,en,1.00000000,,0,,,,,,
the Iberian Peninsula,the Iberian Peninsula,LOC,-0.10000000,0.40000000,en,1.00000000,,0,,,,,,
Apalachee Bay,Apalachee Bay,LOC,0.16666667,0.33333333,en,1.00000000,,0,,,,,,
the United States East Coast,the United States East Coast,GPE,-0.03000000,0.52666667,en,1.00000000,,0,,,,,,
Tri-State,Tri-State,GPE,-0.20000000,0.50000000,en,1.00000000,,0,,,,,,
Appalachia,Appalachia,LOC,0.00000000,0.10000000,en,1.00000000,,0,,,,,,
the Desert Southwest,the Desert Southwest,LOC,-0.16363636,0.85454545,en,1.00000000,,0,,,,,,
batters East Coast,batters East Coast,LOC,-0.02000000,0.52000000,en,1.00000000,,0,,,,,,
Valley,Valley,LOC,0.00000000,0.00000000,en,1.00000000,,0,,,,,,
Kwigillingok,Kwigillingok,GPE,-0.25000000,0.22500000,en,1.00000000,,0,,,,,,
Alaskas,Alaskas,GPE,-0.08333333,0.56666667,en,1.00000000,,0,,,,,,
Batters East Coast,Batters East Coast,LOC,0.30000000,1.00000000,en,1.00000000,,0,,,,,,
Last Frontier,Last Frontier,GPE,0.00000000,0.03333333,en,1.00000000,,0,,,,,,
Western Alaska,Western Alaska,LOC,-0.35000000,1.00000000,en,1.00000000,,0,,,,,,
New Jersey,New Jersey,GPE,0.32030303,1.17212121,en,1.00000000,,0,,,,,,
NEW MEXICO,NEW MEXICO,GPE,-0.08181818,0.42727273,en,1.00000000,,0,,,,,,
SAN JUAN COUNTY,SAN JUAN COUNTY,GPE,-0.08181818,0.42727273,en,1.00000000,,0,,,,,,
Desert Southwest,Desert Southwest,LOC,-0.03181818,0.42727273,en,1.00000000,,0,,,,,,
Kipnuk,Kipnuk,GPE,0.00000000,0.00000000,en,1.00000000,,0,,,,,,
New Mexico,New Mexico,GPE,-0.03181818,0.42727273,en,1.00000000,,0,,,,,,
Puerto Vallarta,Puerto Vallarta,GPE,0.00000000,0.00000000,en,1.00000000,,0,,,,,,
Korea,Korea,GPE,0.00000000,0.00000000,en,1.00000000,,0,,,,,,
FORT COLLINS,FORT COLLINS,GPE,0.50000000,0.50000000,en,1.00000000,,0,,,,,,
Colo.,Colo.,GPE,1.00000000,1.00000000,en,1.00000000,,0,,,,,,
Southwest US,Southwest US,LOC,-0.20000000,0.40000000,en,1.00000000,,0,,,,,,
Mexicos Pacific coast,Mexicos Pacific coast,LOC,0.00000000,0.00000000,en,1.00000000,,0,,,,,,
Tokyo,Tokyo,GPE,-0.20000000,0.50000000,en,1.00000000,,0,,,,,,
West Pacific,West Pacific,LOC,-0.06250000,0.57083333,en,1.00000000,,0,,,,,,
San Francisco's,San Francisco's,GPE,-0.06250000,0.57083333,en,1.00000000,,0,,,,,,
Rhode Island,Rhode Island,GPE,0.17777778,0.74444444,en,1.00000000,,0,,,,,,
Yukon-Kuskokwim Delta,Yukon-Kuskokwim Delta,LOC,0.05000000,0.78000000,en,1.00000000,,0,,,,,,
the Tennessee River,the Tennessee River,LOC,0.20000000,1.00000000,en,1.00000000,,0,,,,,,
Salt Typhoon,Salt Typhoon,GPE,-0.08333333,0.58333333,en,1.00000000,,0,,,,,,
the Blue Ridge,the Blue Ridge,LOC,0.00000000,0.10000000,en,1.00000000,,0,,,,,,
Eastern Pacific,Eastern Pacific,LOC,0.01562500,0.31250000,en,1.00000000,,0,,,,,,
Santo Domingo,Santo Domingo,GPE,0.05833333,0.45833333,en,1.00000000,,0,,,,,,
the Dominican Republic’s,the Dominican Republic’s,GPE,0.05833333,0.45833333,en,1.00000000,,0,,,,,,
Dominican Republic,Dominican Republic,GPE,-0.20000000,0.50000000,en,1.00000000,,0,,,,,,
Hispaniola SAN JUAN,Hispaniola SAN JUAN,LOC,-0.40000000,0.60000000,en,1.00000000,,0,,,,,,
BANGKOK,BANGKOK,GPE,0.00000000,5.00000000,en,1.00000000,,0,,,,,,
CARIBBEAN,CARIBBEAN,LOC,0.00000000,0.00000000,en,1.00000000,,0,,,,,,
Tropical Storm Melissa,Tropical Storm Melissa,GPE,-0.50000000,0.70000000,en,1.00000000,,0,,,,,,
Wellington,Wellington,GPE,0.00000000,0.00000000,en,1.00000000,,0,,,,,,
BATON ROUGE,BATON ROUGE,GPE,-0.05000000,0.05000000,en,1.00000000,,0,,,,,,
POZA RICA,POZA RICA,GPE,-0.18750000,0.50000000,en,1.00000000,,0,,,,,,
Western Alaskas,Western Alaskas,LOC,0.15000000,0.50000000,en,1.00000000,,0,,,,,,
Akiak,Akiak,GPE,-0.40000000,0.60000000,en,1.00000000,,0,,,,,,
the Windward Island,the Windward Island,LOC,-0.10000000,0.10000000,en,1.00000000,,0,,,,,,
the Pacific coast,the Pacific coast,LOC,0.00000000,0.00000000,en,1.00000000,,0,,,,,,
Typhoon Halong Historic,Typhoon Halong Historic,GPE,-0.10000000,0.28000000,en,1.00000000,,0,,,,,,
Alaska Native,Alaska Native,GPE,0.08000000,0.30333333,en,1.00000000,,0,,,,,,
JUNEAU,JUNEAU,GPE,0.36708333,0.66208333,en,1.00000000,,0,,,,,,
Poza Rica,Poza Rica,GPE,0.16666667,0.27222222,en,1.00000000,,0,,,,,,
Typhoon Halong's,Typhoon Halong's,GPE,0.25000000,0.50000000,en,1.00000000,,0,,,,,,
Midwest,Midwest,LOC,-0.05000000,0.55000000,en,1.00000000,,0,,,,,,
Typhoon Matmo,Typhoon Matmo,GPE,0.25000000,0.68333333,en,1.00000000,,0,,,,,,
LOUISVILLE,LOUISVILLE,GPE,0.00000000,0.10000000,en,1.00000000,,0,,,,,,
Cape Verde hurricanes,Cape Verde hurricanes,LOC,0.40000000,0.75000000,en,1.00000000,,0,,,,,,
Gabrielle,Gabrielle,GPE,-0.40000000,0.70000000,en,1.00000000,,0,,,,,,
SHENZHEN,SHENZHEN,GPE,-0.03333333,0.13333333,en,1.00000000,,0,,,,,,
Macau,Macau,GPE,0.15000000,0.70000000,en,1.00000000,,0,,,,,,
Hong Kong … Hong Kong,Hong Kong … Hong Kong,GPE,0.14444444,0.32222222,en,1.00000000,,0,,,,,,
OpenAI,OpenAI,GPE,-0.20000000,0.30000000,en,1.00000000,,0,,,,,,
NEW YORK,NEW YORK,GPE,0.13636364,0.45454545,en,1.00000000,,0,,,,,,
superma,superma,GPE,0.29555556,0.59111111,en,1.00000000,,0,,,,,,
Kolkata,Kolkata,GPE,0.00000000,0.00000000,en,1.00000000,,0,,,,,,
Bay of Bengal,Bay of Bengal,LOC,0.33333333,0.66666667,en,1.00000000,,0,,,,,,
Orchid Island,Orchid Island,LOC,0.28666667,0.65333333,en,1.00000000,,0,,,,,,
Taiwanese Island,Taiwanese Island,LOC,0.36666667,0.78333333,en,1.00000000,,0,,,,,,
Guinea,Guinea,GPE,0.00000000,0.00000000,en,1.00000000,,0,,,,,,
Chinas,Chinas,GPE,-0.11166667,0.35833333,en,1.00000000,,0,,,,,,
eastern Pacific,eastern Pacific,LOC,-0.03181818,1.12727273,en,1.00000000,,0,,,,,,
Tropical Storm Fernand,Tropical Storm Fernand,LOC,-0.25000000,0.40000000,en,1.00000000,,0,,,,,,
Next Atlantic,Next Atlantic,LOC,0.00000000,0.42000000,en,1.00000000,,0,,,,,,
North Car NORTH CAROLINA,North Car NORTH CAROLINA,LOC,-0.40000000,0.73333333,en,1.00000000,,0,,,,,,
NORTH CAROLINA,NORTH CAROLINA,GPE,-0.40000000,0.73333333,en,1.00000000,,0,,,,,,
US East Coast,US East Coast,LOC,0.00000000,0.00000000,en,1.00000000,,0,,,,,,
NC,NC,GPE,0.02169913,0.55844156,en,1.00000000,,0,,,,,,
North Carolina's,North Carolina's,GPE,0.00000000,0.00000000,en,1.00000000,,0,,,,,,
Dare County,Dare County,GPE,0.00000000,0.00000000,en,1.00000000,,0,,,,,,
the Atlantic Oceans,the Atlantic Oceans,LOC,0.25000000,0.33333333,en,1.00000000,,0,,,,,,
Zhuhai,Zhuhai,GPE,0.07777778,0.44444444,en,1.00000000,,0,,,,,,
Taiwa,Taiwa,GPE,-0.06666667,0.14166667,en,1.00000000,,0,,,,,,
Mediterranean,Mediterranean,LOC,0.30000000,0.45000000,en,1.00000000,,0,,,,,,
the Southeastern U.S.,the Southeastern U.S.,LOC,-0.06666667,0.03333333,en,1.00000000,,0,,,,,,
Formentera,Formentera,GPE,0.00000000,0.03333333,en,1.00000000,,0,,,,,,
Ibiza,Ibiza,GPE,0.16666667,0.53333333,en,1.00000000,,0,,,,,,
Storm Bualoi,Storm Bualoi,LOC,-0.20000000,0.00000000,en,1.00000000,,0,,,,,,
the Nolichucky River,the Nolichucky River,LOC,0.00000000,0.25000000,en,1.00000000,,0,,,,,,
Tenn.,Tenn.,GPE,0.00000000,0.10000000,en,1.00000000,,0,,,,,,
Appalachian,Appalachian,GPE,0.23333333,0.40000000,en,1.00000000,,0,,,,,,
Tropical Storm Imelda,Tropical Storm Imelda,LOC,-0.12500000,0.17500000,en,1.00000000,,0,,,,,,
the Atlantic Basin,the Atlantic Basin,LOC,0.71250000,1.81333333,en,1.00000000,,0,,,,,,
KXAN,KXAN,GPE,-0.08750000,0.31333333,en,1.00000000,,0,,,,,,
AUSTIN,AUSTIN,GPE,-0.08750000,0.31333333,en,1.00000000,,0,,,,,,
Southeast US,Southeast US,LOC,0.00000000,0.00000000,en,1.00000000,,0,,,,,,
Typhoon Ragasa,Typhoon Ragasa,GPE,-0.12500000,0.37500000,en,1.00000000,,0,,,,,,
South Carolina's,South Carolina's,GPE,0.00000000,0.00000000,en,1.00000000,,0,,,,,,
U.S. East Coast,U.S. East Coast,LOC,-0.23333333,1.06666667,en,1.00000000,,0,,,,,,
Atlantic Ocean Meteorologists,Atlantic Ocean Meteorologists,LOC,-0.13958333,0.51041667,en,1.00000000,,0,,,,,,
The Atlantic Ocean,The Atlantic Ocean,LOC,0.00000000,0.00000000,en,1.00000000,,0,,,,,,
the Southeast US,the Southeast US,LOC,0.00000000,1.00000000,en,1.00000000,,0,,,,,,
Myrtle Beach Hurricane,Myrtle Beach Hurricane,GPE,0.00000000,0.00000000,en,1.00000000,,0,,,,,,
Southeastern coast,Southeastern coast,LOC,-0.10000000,0.10000000,en,1.00000000,,0,,,,,,
Thursda,Thursda,GPE,0.00000000,0.00000000,en,1.00000000,,0,,,,,,
Tropical Storm Humberto,Tropical Storm Humberto,LOC,-0.13500000,0.36000000,en,1.00000000,,0,,,,,,
Wedn,Wedn,GPE,-0.01250000,0.48750000,en,1.00000000,,0,,,,,,
ERWIN,ERWIN,GPE,0.00000000,0.00000000,en,1.00000000,,0,,,,,,
